cell_id,zona_estudio
LJ500_R002_C076,sur
LJ500_R005_C053,sur
LJ500_R005_C070,sur
LJ500_R005_C077,sur
LJ500_R006_C055,sur
LJ500_R006_C067,sur
LJ500_R006_C075,sur
LJ500_R007_C056,sur
LJ500_R007_C057,sur
LJ500_R007_C058,sur
LJ500_R007_C080,sur
LJ500_R007_C081,sur
LJ500_R009_C053,sur
LJ500_R009_C054,sur
LJ500_R009_C056,sur
LJ500_R009_C071,sur
LJ500_R009_C083,sur
LJ500_R011_C063,sur
LJ500_R011_C064,sur
LJ500_R011_C068,sur
LJ500_R011_C070,sur
LJ500_R011_C072,sur
LJ500_R012_C055,sur
LJ500_R012_C059,sur
LJ500_R014_C074,sur
LJ500_R014_C083,sur
LJ500_R014_C089,sur
LJ500_R015_C068,sur
LJ500_R016_C055,sur
LJ500_R016_C066,sur
LJ500_R016_C090,sur
LJ500_R017_C084,sur
LJ500_R017_C090,sur
LJ500_R018_C077,sur
LJ500_R018_C092,sur
LJ500_R019_C087,sur
LJ500_R019_C092,sur
LJ500_R020_C060,sur
LJ500_R020_C061,sur
LJ500_R020_C062,sur
LJ500_R020_C081,sur
LJ500_R020_C083,sur
LJ500_R020_C086,sur
LJ500_R021_C093,sur
LJ500_R022_C076,sur
LJ500_R022_C085,sur
LJ500_R022_C087,sur
LJ500_R023_C055,sur
LJ500_R024_C052,sur
LJ500_R024_C089,sur
LJ500_R025_C061,sur
LJ500_R025_C090,sur
LJ500_R025_C091,sur
LJ500_R026_C052,sur
LJ500_R026_C055,sur
LJ500_R026_C059,sur
LJ500_R026_C071,sur
LJ500_R026_C083,sur
LJ500_R026_C088,sur
LJ500_R027_C052,sur
LJ500_R027_C063,sur
LJ500_R028_C064,sur
LJ500_R028_C083,sur
LJ500_R029_C073,sur
LJ500_R029_C078,sur
LJ500_R029_C096,sur
LJ500_R030_C069,sur
LJ500_R030_C093,sur
LJ500_R030_C096,sur
LJ500_R031_C068,sur
LJ500_R031_C081,sur
LJ500_R032_C079,sur
LJ500_R032_C096,sur
LJ500_R033_C056,sur
LJ500_R033_C074,sur
LJ500_R033_C091,sur
LJ500_R035_C084,sur
LJ500_R035_C085,sur
LJ500_R035_C089,sur
LJ500_R036_C088,sur
LJ500_R036_C091,sur
LJ500_R036_C097,sur
LJ500_R037_C090,sur
LJ500_R038_C057,sur
LJ500_R039_C058,sur
LJ500_R039_C065,sur
LJ500_R039_C072,sur
LJ500_R039_C084,sur
LJ500_R040_C060,sur
LJ500_R040_C067,sur
LJ500_R040_C084,sur
LJ500_R040_C093,sur
LJ500_R041_C061,sur
LJ500_R041_C097,sur
LJ500_R042_C090,sur
LJ500_R043_C058,sur
LJ500_R043_C068,sur
LJ500_R044_C080,sur
LJ500_R044_C094,sur
LJ500_R045_C059,sur
LJ500_R045_C070,sur
LJ500_R045_C073,sur
LJ500_R045_C083,sur
LJ500_R046_C064,sur
LJ500_R046_C069,sur
LJ500_R046_C087,sur
LJ500_R046_C092,sur
LJ500_R046_C093,sur
LJ500_R048_C071,sur
LJ500_R048_C085,sur
LJ500_R049_C055,sur
LJ500_R049_C086,sur
LJ500_R050_C058,sur
LJ500_R050_C071,sur
LJ500_R050_C076,sur
LJ500_R050_C081,sur
LJ500_R050_C085,sur
LJ500_R050_C095,sur
LJ500_R051_C057,sur
LJ500_R051_C065,sur
LJ500_R051_C081,sur
LJ500_R052_C053,sur
LJ500_R052_C062,sur
LJ500_R052_C078,sur
LJ500_R052_C080,sur
LJ500_R052_C087,sur
LJ500_R052_C093,sur
LJ500_R052_C097,sur
LJ500_R053_C048,sur
LJ500_R053_C049,sur
LJ500_R053_C061,sur
LJ500_R053_C067,sur
LJ500_R053_C073,sur
LJ500_R054_C081,sur
LJ500_R054_C094,sur
LJ500_R055_C081,sur
LJ500_R055_C088,sur
LJ500_R055_C093,sur
LJ500_R056_C049,sur
LJ500_R056_C078,sur
LJ500_R056_C096,sur
LJ500_R056_C097,sur
LJ500_R057_C051,sur
LJ500_R057_C052,sur
LJ500_R057_C056,sur
LJ500_R057_C063,sur
LJ500_R057_C067,sur
LJ500_R058_C071,sur
LJ500_R058_C077,sur
LJ500_R058_C079,sur
LJ500_R058_C086,sur
LJ500_R058_C094,sur
LJ500_R059_C055,sur
LJ500_R059_C073,sur
LJ500_R060_C048,sur
LJ500_R060_C050,sur
LJ500_R060_C051,sur
LJ500_R060_C070,sur
LJ500_R060_C076,sur
LJ500_R060_C095,sur
LJ500_R061_C052,sur
LJ500_R061_C078,sur
LJ500_R061_C086,sur
LJ500_R061_C096,sur
LJ500_R062_C065,sur
LJ500_R062_C086,sur
LJ500_R062_C094,sur
LJ500_R063_C060,sur
LJ500_R063_C064,sur
LJ500_R063_C069,sur
LJ500_R063_C073,sur
LJ500_R063_C086,sur
LJ500_R064_C050,sur
LJ500_R064_C068,sur
LJ500_R064_C084,sur
LJ500_R065_C073,sur
LJ500_R066_C049,sur
LJ500_R067_C076,sur
LJ500_R067_C088,sur
LJ500_R067_C093,sur
LJ500_R068_C067,sur
LJ500_R068_C074,sur
LJ500_R068_C090,sur
LJ500_R069_C057,sur
LJ500_R069_C092,sur
LJ500_R070_C059,sur
LJ500_R070_C082,sur
LJ500_R071_C050,sur
LJ500_R071_C060,sur
LJ500_R072_C062,sur
LJ500_R072_C095,sur
LJ500_R073_C072,sur
LJ500_R073_C085,sur
LJ500_R074_C069,sur
LJ500_R074_C074,sur
LJ500_R074_C084,sur
LJ500_R075_C061,sur
LJ500_R075_C070,sur
LJ500_R075_C073,sur
LJ500_R076_C060,sur
LJ500_R076_C079,sur
LJ500_R077_C059,sur
LJ500_R077_C065,sur
LJ500_R077_C074,sur
LJ500_R077_C075,sur
LJ500_R077_C078,sur
LJ500_R077_C081,sur
LJ500_R078_C065,sur
LJ500_R078_C068,sur
LJ500_R078_C076,sur
LJ500_R079_C066,sur
LJ500_R079_C076,sur
LJ500_R080_C060,sur
LJ500_R080_C070,sur
LJ500_R080_C080,sur
LJ500_R080_C081,sur
LJ500_R080_C083,sur
LJ500_R081_C070,sur
LJ500_R082_C087,sur
LJ500_R083_C086,sur
LJ500_R084_C079,sur
LJ500_R085_C071,sur
LJ500_R085_C081,sur
LJ500_R086_C078,sur
LJ500_R087_C073,sur
LJ500_R088_C077,sur
LJ500_R088_C081,sur
LJ500_R088_C083,sur
LJ500_R089_C083,sur
LJ500_R093_C071,sur
LJ500_R093_C073,sur
LJ500_R095_C072,sur
LJ500_R096_C074,sur
LJ500_R098_C080,sur
LJ500_R098_C085,sur
LJ500_R099_C071,sur
LJ500_R099_C072,sur
LJ500_R099_C086,sur
LJ500_R100_C087,sur
LJ500_R101_C091,sur
LJ500_R102_C086,sur
LJ500_R103_C090,sur
LJ500_R104_C074,sur
LJ500_R104_C085,sur
LJ500_R105_C071,sur
LJ500_R106_C070,sur
LJ500_R106_C075,sur
LJ500_R106_C080,sur
LJ500_R106_C090,sur
LJ500_R107_C090,sur
LJ500_R108_C065,norte
LJ500_R108_C084,norte
LJ500_R109_C066,norte
LJ500_R109_C088,norte
LJ500_R110_C081,norte
LJ500_R111_C080,norte
LJ500_R112_C073,norte
LJ500_R112_C074,norte
LJ500_R112_C075,norte
LJ500_R113_C079,norte
LJ500_R113_C081,norte
LJ500_R113_C083,norte
LJ500_R115_C060,norte
LJ500_R115_C063,norte
LJ500_R115_C075,norte
LJ500_R115_C078,norte
LJ500_R115_C088,norte
LJ500_R117_C068,norte
LJ500_R117_C089,norte
LJ500_R118_C064,norte
LJ500_R118_C073,norte
LJ500_R119_C053,norte
LJ500_R119_C079,norte
LJ500_R119_C084,norte
LJ500_R120_C085,norte
LJ500_R121_C053,norte
LJ500_R121_C071,norte
LJ500_R121_C078,norte
LJ500_R122_C070,norte
LJ500_R122_C088,norte
LJ500_R125_C062,norte
LJ500_R125_C065,norte
LJ500_R125_C067,norte
LJ500_R126_C073,norte
LJ500_R127_C051,norte
LJ500_R127_C075,norte
LJ500_R127_C077,norte
LJ500_R127_C090,norte
LJ500_R128_C056,norte
LJ500_R128_C079,norte
LJ500_R129_C054,norte
LJ500_R129_C066,norte
LJ500_R129_C075,norte
LJ500_R129_C080,norte
LJ500_R130_C064,norte
LJ500_R130_C067,norte
LJ500_R130_C078,norte
LJ500_R131_C034,norte
LJ500_R131_C050,norte
LJ500_R131_C053,norte
LJ500_R132_C061,norte
LJ500_R132_C072,norte
LJ500_R132_C077,norte
LJ500_R132_C080,norte
LJ500_R133_C057,norte
LJ500_R133_C085,norte
LJ500_R134_C033,norte
LJ500_R134_C058,norte
LJ500_R134_C066,norte
LJ500_R134_C072,norte
LJ500_R134_C073,norte
LJ500_R134_C078,norte
LJ500_R135_C065,norte
LJ500_R135_C068,norte
LJ500_R135_C073,norte
LJ500_R135_C092,norte
LJ500_R136_C028,norte
LJ500_R136_C054,norte
LJ500_R136_C074,norte
LJ500_R137_C062,norte
LJ500_R137_C072,norte
LJ500_R138_C025,norte
LJ500_R138_C036,norte
LJ500_R138_C066,norte
LJ500_R138_C087,norte
LJ500_R140_C056,norte
LJ500_R140_C071,norte
LJ500_R141_C066,norte
LJ500_R141_C079,norte
LJ500_R142_C028,norte
LJ500_R142_C040,norte
LJ500_R142_C068,norte
LJ500_R142_C071,norte
LJ500_R142_C084,norte
LJ500_R143_C019,norte
LJ500_R143_C054,norte
LJ500_R143_C073,norte
LJ500_R144_C045,norte
LJ500_R144_C090,norte
LJ500_R144_C091,norte
LJ500_R145_C019,norte
LJ500_R145_C054,norte
LJ500_R146_C018,norte
LJ500_R146_C023,norte
LJ500_R146_C035,norte
LJ500_R146_C055,norte
LJ500_R146_C086,norte
LJ500_R147_C024,norte
LJ500_R147_C047,norte
LJ500_R147_C051,norte
LJ500_R147_C077,norte
LJ500_R147_C083,norte
LJ500_R147_C087,norte
LJ500_R148_C053,norte
LJ500_R149_C021,norte
LJ500_R149_C033,norte
LJ500_R149_C039,norte
LJ500_R149_C062,norte
LJ500_R149_C074,norte
LJ500_R149_C090,norte
LJ500_R150_C021,norte
LJ500_R150_C035,norte
LJ500_R150_C086,norte
LJ500_R151_C024,norte
LJ500_R151_C071,norte
LJ500_R152_C010,norte
LJ500_R152_C013,norte
LJ500_R152_C015,norte
LJ500_R152_C036,norte
LJ500_R152_C069,norte
LJ500_R152_C074,norte
LJ500_R152_C089,norte
LJ500_R153_C043,norte
LJ500_R153_C055,norte
LJ500_R153_C058,norte
LJ500_R153_C072,norte
LJ500_R153_C079,norte
LJ500_R154_C011,norte
LJ500_R154_C048,norte
LJ500_R154_C049,norte
LJ500_R154_C053,norte
LJ500_R154_C079,norte
LJ500_R155_C009,norte
LJ500_R155_C011,norte
LJ500_R155_C014,norte
LJ500_R155_C016,norte
LJ500_R155_C043,norte
LJ500_R156_C028,norte
LJ500_R156_C031,norte
LJ500_R156_C036,norte
LJ500_R156_C040,norte
LJ500_R156_C048,norte
LJ500_R156_C067,norte
LJ500_R156_C070,norte
LJ500_R156_C072,norte
LJ500_R156_C077,norte
LJ500_R156_C079,norte
LJ500_R157_C001,norte
LJ500_R157_C009,norte
LJ500_R157_C040,norte
LJ500_R157_C054,norte
LJ500_R157_C057,norte
LJ500_R157_C079,norte
LJ500_R158_C006,norte
LJ500_R158_C035,norte
LJ500_R158_C036,norte
LJ500_R158_C048,norte
LJ500_R158_C055,norte
LJ500_R158_C065,norte
LJ500_R159_C006,norte
LJ500_R159_C034,norte
LJ500_R159_C058,norte
LJ500_R159_C060,norte
LJ500_R159_C066,norte
LJ500_R159_C078,norte
LJ500_R160_C007,norte
LJ500_R160_C039,norte
LJ500_R160_C044,norte
LJ500_R160_C054,norte
LJ500_R160_C065,norte
LJ500_R160_C069,norte
LJ500_R160_C074,norte
LJ500_R161_C036,norte
LJ500_R161_C047,norte
LJ500_R161_C048,norte
LJ500_R161_C057,norte
LJ500_R161_C064,norte
LJ500_R161_C066,norte
LJ500_R161_C080,norte
LJ500_R161_C082,norte
LJ500_R162_C067,norte
LJ500_R163_C032,norte
LJ500_R163_C054,norte
LJ500_R164_C040,norte
LJ500_R164_C043,norte
LJ500_R164_C044,norte
LJ500_R164_C047,norte
LJ500_R164_C055,norte
LJ500_R164_C059,norte
LJ500_R165_C047,norte
LJ500_R165_C058,norte
LJ500_R166_C063,norte
LJ500_R166_C072,norte
LJ500_R166_C077,norte
LJ500_R167_C033,norte
LJ500_R167_C057,norte
LJ500_R167_C067,norte
LJ500_R168_C036,norte
LJ500_R168_C045,norte
LJ500_R168_C051,norte
LJ500_R168_C064,norte
LJ500_R169_C033,norte
LJ500_R169_C051,norte
LJ500_R169_C054,norte
LJ500_R169_C055,norte
LJ500_R170_C065,norte
LJ500_R171_C055,norte
LJ500_R171_C065,norte
LJ500_R171_C070,norte
LJ500_R171_C075,norte
LJ500_R172_C044,norte
LJ500_R173_C033,norte
LJ500_R173_C038,norte
LJ500_R173_C060,norte
LJ500_R174_C038,norte
LJ500_R174_C050,norte
LJ500_R174_C052,norte
LJ500_R174_C054,norte
LJ500_R174_C058,norte
LJ500_R174_C059,norte
LJ500_R174_C071,norte
LJ500_R174_C072,norte
LJ500_R175_C054,norte
LJ500_R175_C077,norte
LJ500_R176_C043,norte
LJ500_R176_C049,norte
LJ500_R176_C054,norte
LJ500_R176_C070,norte
LJ500_R176_C075,norte
LJ500_R177_C034,norte
LJ500_R177_C042,norte
LJ500_R177_C060,norte
LJ500_R178_C036,norte
LJ500_R178_C041,norte
LJ500_R178_C063,norte
LJ500_R179_C046,norte
LJ500_R179_C048,norte
LJ500_R179_C060,norte
LJ500_R179_C062,norte
LJ500_R179_C073,norte
LJ500_R180_C037,norte
LJ500_R180_C042,norte
LJ500_R180_C071,norte
LJ500_R181_C048,norte
LJ500_R181_C070,norte
LJ500_R182_C071,norte
LJ500_R183_C039,norte
LJ500_R184_C039,norte
LJ500_R184_C066,norte
LJ500_R185_C064,norte
