cell_id,zona_estudio,tiene_incendio_2019_2024
LJ500_R108_C065,norte,0
LJ500_R109_C088,norte,0
LJ500_R119_C079,norte,0
LJ500_R122_C070,norte,0
LJ500_R125_C065,norte,0
LJ500_R131_C053,norte,1
LJ500_R132_C080,norte,1
LJ500_R138_C087,norte,0
LJ500_R142_C071,norte,1
LJ500_R145_C054,norte,0
LJ500_R147_C083,norte,1
LJ500_R156_C028,norte,0
LJ500_R156_C067,norte,0
LJ500_R156_C079,norte,0
LJ500_R157_C009,norte,1
LJ500_R158_C065,norte,0
LJ500_R160_C074,norte,1
LJ500_R161_C066,norte,0
LJ500_R164_C043,norte,0
LJ500_R164_C059,norte,0
LJ500_R166_C072,norte,1
LJ500_R167_C067,norte,0
LJ500_R168_C045,norte,1
LJ500_R173_C033,norte,1
LJ500_R178_C063,norte,0
LJ500_R179_C046,norte,1
LJ500_R180_C071,norte,0
LJ500_R183_C039,norte,0
LJ500_R184_C039,norte,0
LJ500_R184_C066,norte,0
LJ500_R006_C075,sur,0
LJ500_R011_C068,sur,0
LJ500_R012_C055,sur,0
LJ500_R020_C061,sur,0
LJ500_R033_C056,sur,1
LJ500_R035_C085,sur,1
LJ500_R039_C072,sur,1
LJ500_R040_C060,sur,1
LJ500_R041_C061,sur,1
LJ500_R043_C058,sur,1
LJ500_R045_C083,sur,0
LJ500_R046_C064,sur,0
LJ500_R048_C071,sur,0
LJ500_R050_C095,sur,0
LJ500_R056_C049,sur,1
LJ500_R058_C079,sur,0
LJ500_R063_C060,sur,0
LJ500_R064_C084,sur,0
LJ500_R069_C057,sur,0
LJ500_R072_C062,sur,1
LJ500_R072_C095,sur,0
LJ500_R074_C074,sur,1
LJ500_R078_C076,sur,0
LJ500_R079_C076,sur,0
LJ500_R093_C071,sur,0
LJ500_R093_C073,sur,0
LJ500_R096_C074,sur,0
LJ500_R098_C085,sur,0
LJ500_R101_C091,sur,0
LJ500_R106_C080,sur,1
